Metric,Value
MAE,35.90616318469168
RMSE,49.24233363703492
R2,0.45684699896071057
